{
  "advantage_mean": [
    0.0009261255264282227
  ],
  "advantage_mean_T": [
    500
  ],
  "agent_grad_norm": [
    0.08273869007825851
  ],
  "agent_grad_norm_T": [
    500
  ],
  "coma_loss": [
    0.007049010135233402
  ],
  "coma_loss_T": [
    500
  ],
  "critic_grad_norm": [
    0.6403480768203735
  ],
  "critic_grad_norm_T": [
    500
  ],
  "critic_loss": [
    0.03241482377052307
  ],
  "critic_loss_T": [
    500
  ],
  "ep_length_mean": [
    50.0
  ],
  "ep_length_mean_T": [
    500
  ],
  "pi_max": [
    0.23858792114257812
  ],
  "pi_max_T": [
    500
  ],
  "q_taken_mean": [
    0.11736174011230469
  ],
  "q_taken_mean_T": [
    500
  ],
  "return_mean": [
    {
      "dtype": "float64",
      "py/object": "numpy.float64",
      "value": 0.0
    }
  ],
  "return_mean_T": [
    500
  ],
  "return_std": [
    {
      "dtype": "float64",
      "py/object": "numpy.float64",
      "value": 0.0
    }
  ],
  "return_std_T": [
    500
  ],
  "target_mean": [
    0.09545319366455078
  ],
  "target_mean_T": [
    500
  ],
  "td_error_abs": [
    0.2730248413085937
  ],
  "td_error_abs_T": [
    500
  ]
}