{
  "advantage_mean": [
    0.0009802702903747558,
    -0.0001795405149459839,
    0.00011339116096496582,
    -0.00023647689819335937,
    0.00027737977504730223
  ],
  "advantage_mean_T": [
    5000,
    10000,
    15000,
    20000,
    25000
  ],
  "agent_grad_norm": [
    0.23287959396839142,
    0.17279215157032013,
    0.14894543588161469,
    0.11692346632480621,
    0.11043485254049301
  ],
  "agent_grad_norm_T": [
    5000,
    10000,
    15000,
    20000,
    25000
  ],
  "cell_counter": [
    [
      2.0
    ],
    [
      2.0
    ],
    [
      2.0
    ],
    [
      2.0
    ]
  ],
  "cell_counter_T": [
    5000,
    10000,
    15000,
    20000
  ],
  "coma_loss": [
    0.02121140994131565,
    0.010049674659967422,
    0.006067686248570681,
    0.0010328019270673394,
    -0.0010897360043600202
  ],
  "coma_loss_T": [
    5000,
    10000,
    15000,
    20000,
    25000
  ],
  "critic_grad_norm": [
    3.092791795730591,
    1.6933817863464355,
    1.2745686769485474,
    1.0541894435882568,
    0.830129086971283
  ],
  "critic_grad_norm_T": [
    5000,
    10000,
    15000,
    20000,
    25000
  ],
  "critic_loss": [
    0.3135577440261841,
    0.1564864069223404,
    0.12958915531635284,
    0.10885605216026306,
    0.10473807156085968
  ],
  "critic_loss_T": [
    5000,
    10000,
    15000,
    20000,
    25000
  ],
  "ep_length_mean": [
    500.0,
    500.0,
    500.0,
    500.0,
    500.0
  ],
  "ep_length_mean_T": [
    5000,
    10000,
    15000,
    20000,
    25000
  ],
  "episode": [
    10,
    20,
    30,
    40
  ],
  "episode_T": [
    5000,
    10000,
    15000,
    20000
  ],
  "go_explore_return": [
    [
      0.0
    ],
    [
      0.0
    ],
    [
      0.0
    ],
    [
      0.0
    ]
  ],
  "go_explore_return_T": [
    5000,
    10000,
    15000,
    20000
  ],
  "icm_reward_forward_loss": [
    {
      "py/reduce": [
        {
          "py/function": "torch._utils._rebuild_tensor_v2"
        },
        {
          "py/tuple": [
            {
              "py/reduce": [
                {
                  "py/function": "torch.storage._load_from_bytes"
                },
                {
                  "py/tuple": [
                    {
                      "py/b64": "gAKKCmz8nEb5IGqoUBkugAJN6QMugAJ9cQAoWBAAAABwcm90b2NvbF92ZXJzaW9ucQFN6QNYDQAAAGxpdHRsZV9lbmRpYW5xAohYCgAAAHR5cGVfc2l6ZXNxA31xBChYBQAAAHNob3J0cQVLAlgDAAAAaW50cQZLBFgEAAAAbG9uZ3EHSwR1dS6AAihYBwAAAHN0b3JhZ2VxAGN0b3JjaApGbG9hdFN0b3JhZ2UKcQFYDQAAADE2NDkzMTU4NjUwODhxAlgGAAAAY3VkYTowcQNLAU50cQRRLoACXXEAWA0AAAAxNjQ5MzE1ODY1MDg4cQFhLgEAAAAAAAAA8DyJPA=="
                    }
                  ]
                }
              ]
            },
            0,
            {
              "py/tuple": []
            },
            {
              "py/tuple": []
            },
            true,
            {
              "py/reduce": [
                {
                  "py/type": "collections.OrderedDict"
                },
                {
                  "py/tuple": []
                },
                null,
                null,
                {
                  "py/tuple": []
                }
              ]
            }
          ]
        }
      ]
    },
    {
      "py/reduce": [
        {
          "py/function": "torch._utils._rebuild_tensor_v2"
        },
        {
          "py/tuple": [
            {
              "py/reduce": [
                {
                  "py/function": "torch.storage._load_from_bytes"
                },
                {
                  "py/tuple": [
                    {
                      "py/b64": "gAKKCmz8nEb5IGqoUBkugAJN6QMugAJ9cQAoWBAAAABwcm90b2NvbF92ZXJzaW9ucQFN6QNYDQAAAGxpdHRsZV9lbmRpYW5xAohYCgAAAHR5cGVfc2l6ZXNxA31xBChYBQAAAHNob3J0cQVLAlgDAAAAaW50cQZLBFgEAAAAbG9uZ3EHSwR1dS6AAihYBwAAAHN0b3JhZ2VxAGN0b3JjaApGbG9hdFN0b3JhZ2UKcQFYDQAAADE2NDkzMTU0MjIyNTZxAlgGAAAAY3VkYTowcQNLAU50cQRRLoACXXEAWA0AAAAxNjQ5MzE1NDIyMjU2cQFhLgEAAAAAAAAAFwcIPA=="
                    }
                  ]
                }
              ]
            },
            0,
            {
              "py/tuple": []
            },
            {
              "py/tuple": []
            },
            true,
            {
              "py/reduce": [
                {
                  "py/type": "collections.OrderedDict"
                },
                {
                  "py/tuple": []
                },
                null,
                null,
                {
                  "py/tuple": []
                }
              ]
            }
          ]
        }
      ]
    },
    {
      "py/reduce": [
        {
          "py/function": "torch._utils._rebuild_tensor_v2"
        },
        {
          "py/tuple": [
            {
              "py/reduce": [
                {
                  "py/function": "torch.storage._load_from_bytes"
                },
                {
                  "py/tuple": [
                    {
                      "py/b64": "gAKKCmz8nEb5IGqoUBkugAJN6QMugAJ9cQAoWBAAAABwcm90b2NvbF92ZXJzaW9ucQFN6QNYDQAAAGxpdHRsZV9lbmRpYW5xAohYCgAAAHR5cGVfc2l6ZXNxA31xBChYBQAAAHNob3J0cQVLAlgDAAAAaW50cQZLBFgEAAAAbG9uZ3EHSwR1dS6AAihYBwAAAHN0b3JhZ2VxAGN0b3JjaApGbG9hdFN0b3JhZ2UKcQFYDQAAADE2NDc5MzI0MjIyNzJxAlgGAAAAY3VkYTowcQNLAU50cQRRLoACXXEAWA0AAAAxNjQ3OTMyNDIyMjcycQFhLgEAAAAAAAAAIGGlOw=="
                    }
                  ]
                }
              ]
            },
            0,
            {
              "py/tuple": []
            },
            {
              "py/tuple": []
            },
            true,
            {
              "py/reduce": [
                {
                  "py/type": "collections.OrderedDict"
                },
                {
                  "py/tuple": []
                },
                null,
                null,
                {
                  "py/tuple": []
                }
              ]
            }
          ]
        }
      ]
    },
    {
      "py/reduce": [
        {
          "py/function": "torch._utils._rebuild_tensor_v2"
        },
        {
          "py/tuple": [
            {
              "py/reduce": [
                {
                  "py/function": "torch.storage._load_from_bytes"
                },
                {
                  "py/tuple": [
                    {
                      "py/b64": "gAKKCmz8nEb5IGqoUBkugAJN6QMugAJ9cQAoWBAAAABwcm90b2NvbF92ZXJzaW9ucQFN6QNYDQAAAGxpdHRsZV9lbmRpYW5xAohYCgAAAHR5cGVfc2l6ZXNxA31xBChYBQAAAHNob3J0cQVLAlgDAAAAaW50cQZLBFgEAAAAbG9uZ3EHSwR1dS6AAihYBwAAAHN0b3JhZ2VxAGN0b3JjaApGbG9hdFN0b3JhZ2UKcQFYDQAAADE2NDc5MzI0MzE3NzZxAlgGAAAAY3VkYTowcQNLAU50cQRRLoACXXEAWA0AAAAxNjQ3OTMyNDMxNzc2cQFhLgEAAAAAAAAAxlSMOw=="
                    }
                  ]
                }
              ]
            },
            0,
            {
              "py/tuple": []
            },
            {
              "py/tuple": []
            },
            true,
            {
              "py/reduce": [
                {
                  "py/type": "collections.OrderedDict"
                },
                {
                  "py/tuple": []
                },
                null,
                null,
                {
                  "py/tuple": []
                }
              ]
            }
          ]
        }
      ]
    },
    {
      "py/reduce": [
        {
          "py/function": "torch._utils._rebuild_tensor_v2"
        },
        {
          "py/tuple": [
            {
              "py/reduce": [
                {
                  "py/function": "torch.storage._load_from_bytes"
                },
                {
                  "py/tuple": [
                    {
