{
  "advantage_mean": [
    -0.0003699954032897949,
    0.0004973283767700195,
    0.0006301360130310059,
    0.0008355928421020508,
    -0.0002982992649078369
  ],
  "advantage_mean_T": [
    5000,
    25000,
    45000,
    65000,
    85000
  ],
  "agent_grad_norm": [
    0.12772944569587708,
    0.11230163276195526,
    0.11295448243618011,
    0.09217344224452972,
    0.10122938454151154
  ],
  "agent_grad_norm_T": [
    5000,
    25000,
    45000,
    65000,
    85000
  ],
  "coma_loss": [
    0.0001441741915186867,
    -0.001295870402827859,
    -0.0028887344524264336,
    -0.003527637105435133,
    -0.00726977689191699
  ],
  "coma_loss_T": [
    5000,
    25000,
    45000,
    65000,
    85000
  ],
  "critic_grad_norm": [
    2.2247965335845947,
    1.0611745119094849,
    1.468593955039978,
    1.2016512155532837,
    1.6228532791137695
  ],
  "critic_grad_norm_T": [
    5000,
    25000,
    45000,
    65000,
    85000
  ],
  "critic_loss": [
    0.24420973658561707,
    0.09857440739870071,
    0.13746444880962372,
    36.57697677612305,
    0.15670371055603027
  ],
  "critic_loss_T": [
    5000,
    25000,
    45000,
    65000,
    85000
  ],
  "ep_length_mean": [
    500.0,
    500.0,
    500.0,
    500.0,
    500.0
  ],
  "ep_length_mean_T": [
    5000,
    25000,
    45000,
    65000,
    85000
  ],
  "episode": [
    40,
    80,
    120,
    160
  ],
  "episode_T": [
    20000,
    40000,
    60000,
    80000
  ],
  "go_explore_return": [
    [
      0.0
    ],
    [
      3.0
    ],
    [
      0.0
    ],
    [
      3.0
    ],
    [
      0.0
    ],
    [
      3.0
    ],
    [
      0.0
    ],
    [
      3.0
    ],
    [
      0.0
    ],
    [
      3.0
    ],
    [
      0.0
    ],
    [
      3.0
    ],
    [
      0.0
    ],
    [
      3.0
    ],
    [
      0.0
    ],
    [
      3.0
    ],
    [
      0.0
    ],
    [
      3.0
    ],
    [
      0.0
    ],
    [
      3.0
    ],
    [
      0.0
    ],
    [
      3.0
    ],
    [
      0.1
    ],
    [
      3.1
    ],
    [
      0.0
    ],
    [
      3.0
    ],
    [
      0.0
    ],
    [
      3.0
    ],
    [
      0.0
    ],
    [
      3.0
    ],
    [
      0.0
    ],
    [
      3.0
    ]
  ],
  "go_explore_return_T": [
    5000,
    5000,
    10000,
    10000,
    15000,
    15000,
    20000,
    20000,
    25000,
    25000,
    30000,
    30000,
    35000,
    35000,
    40000,
    40000,
    45000,
    45000,
    50000,
    50000,
    55000,
    55000,
    60000,
    60000,
    65000,
    65000,
    70000,
    70000,
    75000,
    75000,
    80000,
    80000
  ],
  "icm_reward_forward_loss": [
    {
      "py/reduce": [
        {
          "py/function": "torch._utils._rebuild_tensor_v2"
        },
        {
          "py/tuple": [
            {
              "py/reduce": [
                {
                  "py/function": "torch.storage._load_from_bytes"
                },
                {
                  "py/tuple": [
                    {
                      "py/b64": "gAKKCmz8nEb5IGqoUBkugAJN6QMugAJ9cQAoWBAAAABwcm90b2NvbF92ZXJzaW9ucQFN6QNYDQAAAGxpdHRsZV9lbmRpYW5xAohYCgAAAHR5cGVfc2l6ZXNxA31xBChYBQAAAHNob3J0cQVLAlgDAAAAaW50cQZLBFgEAAAAbG9uZ3EHSwR1dS6AAihYBwAAAHN0b3JhZ2VxAGN0b3JjaApGbG9hdFN0b3JhZ2UKcQFYDQAAADI3NTMyNjI4MjYwMzJxAlgGAAAAY3VkYTowcQNLAU50cQRRLoACXXEAWA0AAAAyNzUzMjYyODI2MDMycQFhLgEAAAAAAAAAJweoPA=="
                    }
                  ]
                }
              ]
            },
            0,
            {
              "py/tuple": []
            },
            {
              "py/tuple": []
            },
            true,
            {
              "py/reduce": [
                {
                  "py/type": "collections.OrderedDict"
                },
                {
                  "py/tuple": []
                },
                null,
                null,
                {
                  "py/tuple": []
                }
              ]
            }
          ]
        }
      ]
    },
    {
      "py/reduce": [
        {
          "py/function": "torch._utils._rebuild_tensor_v2"
        },
        {
          "py/tuple": [
            {
              "py/reduce": [
                {
                  "py/function": "torch.storage._load_from_bytes"
                },
                {
                  "py/tuple": [
                    {
                      "py/b64": "gAKKCmz8nEb5IGqoUBkugAJN6QMugAJ9cQAoWBAAAABwcm90b2NvbF92ZXJzaW9ucQFN6QNYDQAAAGxpdHRsZV9lbmRpYW5xAohYCgAAAHR5cGVfc2l6ZXNxA31xBChYBQAAAHNob3J0cQVLAlgDAAAAaW50cQZLBFgEAAAAbG9uZ3EHSwR1dS6AAihYBwAAAHN0b3JhZ2VxAGN0b3JjaApGbG9hdFN0b3JhZ2UKcQFYDQAAADI3NTMyNTgzODA2NTZxAlgGAAAAY3VkYTowcQNLAU50cQRRLoACXXEAWA0AAAAyNzUzMjU4MzgwNjU2cQFhLgEAAAAAAAAAyol+Ow=="
                    }
                  ]
                }
              ]
            },
            0,
            {
              "py/tuple": []
            },
            {
              "py/tuple": []
            },
            true,
            {
              "py/reduce": [
                {
                  "py/type": "collections.OrderedDict"
                },
                {
                  "py/tuple": []
                },
                null,
                null,
                {
                  "py/tuple": []
                }
              ]
            }
          ]
        }
      ]
    },
    {
      "py/reduce": [
        {
          "py/function": "torch._utils._rebuild_tensor_v2"
        },
        {
          "py/tuple": [
            {
              "py/reduce": [
                {
                  "py/function": "torch.storage._load_from_bytes"
                },
                {
                  "py/tuple": [
                    {
                      "py/b64": "gAKKCmz8nEb5IGqoUBkugAJN6QMugAJ9cQAoWBAAAABwcm90b2NvbF92ZXJzaW9ucQFN6QNYDQAAAGxpdHRsZV9lbmRpYW5xAohYCgAAAHR5cGVfc2l6ZXNxA31xBChYBQAAAHNob3J0cQVLAlgDAAAAaW50cQZLBFgEAAAAbG9uZ3EHSwR1dS6AAihYBwAAAHN0b3JhZ2VxAGN0b3JjaApGbG9hdFN0b3JhZ2UKcQFYDQAAADI3NTMyNjU1MDc3NzZxAlgGAAAAY3VkYTowcQNLAU50cQRRLoACXXEAWA0AAAAyNzUzMjY1NTA3Nzc2cQFhLgEAAAAAAAAAGW0hOw=="
                    }
                  ]
                }
              ]
            },
            0,
            {
              "py/tuple": []
            },
            {
              "py/tuple": []
            },
            true,
            {
              "py/reduce": [
                {
                  "py/type": "collections.OrderedDict"
                },
                {
                  "py/tuple": []
                },
                null,
                null,
                {
                  "py/tuple": []
                }
              ]
            }
          ]
        }
      ]
    },
    {
      "py/reduce": [
        {
          "py/function": "torch._utils._rebuild_tensor_v2"
        },
        {
          "py/tuple": [
            {
              "py/reduce": [
                {
                  "py/function": "torch.storage._load_from_bytes"
                },
                {
                  "py/tuple": [
                    {
                      "py/b64": "gAKKCmz8nEb5IGqoUBkugAJN6QMugAJ9cQAoWBAAAABwcm90b2NvbF92ZXJzaW9ucQFN6QNYDQAAAGxpdHRsZV9lbmRpYW5xAohYCgAAAHR5cGVfc2l6ZXNxA31xBChYBQAAAHNob3J0cQVLAlgDAAAAaW50cQZLBFgEAAAAbG9uZ3EHSwR1dS6AAihYBwAAAHN0b3JhZ2VxAGN0b3JjaApGbG9hdFN0b3JhZ2UKcQFYDQAAADI3NTU5Mjg0NzUwNzJxAlgGAAAAY3VkYTowcQNLAU50cQRRLoACXXEAWA0AAAAyNzU1OTI4NDc1MDcycQFhLgEAAAAAAAAAiLgCOw=="
                    }
                  ]
                }
              ]
            },
            0,
            {
              "py/tuple": []
            },
            {
              "py/tuple": []
            },
            true,
            {
              "py/reduce": [
                {
                  "py/type": "collections.OrderedDict"
                },
                {
                  "py/tuple": []
                },
                null,
                null,
                {
                  "py/tuple": []
