{
  "advantage_mean": [
    0.0011659606695175171,
    -0.000956572949886322,
    0.0014628535509109497,
    -0.0018505175113677978,
    0.000122396320104599,
    0.00046493813395500185,
    0.0011285350322723388,
    -0.00310556960105896,
    0.00038956195116043093,
    -0.0005778402686119079,
    -0.0011771353483200073,
    -0.0010743433237075807,
    0.00021850776672363283,
    -0.00023286409676074983,
    -0.0005786400437355041
  ],
  "advantage_mean_T": [
    250,
    750,
    1250,
    1750,
    2250,
    2750,
    3250,
    3750,
    4250,
    4750,
    5250,
    5750,
    6250,
    6750,
    7250
  ],
  "agent_grad_norm": [
    0.08046408742666245,
    0.060333915054798126,
    0.027029043063521385,
    0.027233796194195747,
    0.013546079397201538,
    0.02155010960996151,
    0.018123846501111984,
    0.028923818841576576,
    0.017177755013108253,
    0.028693879023194313,
    0.01133106928318739,
    0.010630530305206776,
    0.011239604093134403,
    0.015806518495082855,
    0.012793240137398243
  ],
  "agent_grad_norm_T": [
    250,
    750,
    1250,
    1750,
    2250,
    2750,
    3250,
    3750,
    4250,
    4750,
    5250,
    5750,
    6250,
    6750,
    7250
  ],
  "coma_loss": [
    0.007902630604803562,
    0.001561346580274403,
    0.002366596134379506,
    -0.004291053395718336,
    -0.0015641856007277966,
    -0.000984132057055831,
    7.509708211728139e-06,
    -0.00613579573109746,
    -0.0007012694841250777,
    -0.002023102017119527,
    -0.003001805627718568,
    -0.003124976996332407,
    -0.0012287261197343469,
    -0.00232257810421288,
    -0.0027223066426813602
  ],
  "coma_loss_T": [
    250,
    750,
    1250,
    1750,
    2250,
    2750,
    3250,
    3750,
    4250,
    4750,
    5250,
    5750,
    6250,
    6750,
    7250
  ],
  "critic_grad_norm": [
    0.5057054162025452,
    0.38539695739746094,
    0.1851637065410614,
    0.2479654848575592,
    0.1029391959309578,
    0.1385728120803833,
    0.114811971783638,
    0.1916290521621704,
    0.11844304203987122,
    0.24284440279006958,
    0.13777993619441986,
    0.11520126461982727,
    0.10250134766101837,
    0.10488079488277435,
    0.09103009849786758
  ],
  "critic_grad_norm_T": [
    250,
    750,
    1250,
    1750,
    2250,
    2750,
    3250,
    3750,
    4250,
    4750,
    5250,
    5750,
    6250,
    6750,
    7250
  ],
  "critic_loss": [
    0.030134957283735275,
    0.028299972414970398,
    0.022368282079696655,
    0.022615795955061913,
    0.020636044442653656,
    0.017784561961889267,
    0.021721232682466507,
    0.01974479854106903,
    0.016516583040356636,
    0.019559405744075775,
    0.017698630690574646,
    0.02043999172747135,
    0.015013203956186771,
    0.02033030241727829,
    0.014691242948174477
  ],
  "critic_loss_T": [
    250,
    750,
    1250,
    1750,
    2250,
    2750,
    3250,
    3750,
    4250,
    4750,
    5250,
    5750,
    6250,
    6750,
    7250
  ],
  "ep_length_mean": [
    25.0
  ],
  "ep_length_mean_T": [
    250
  ],
  "episode": [
    20,
    40,
    60,
    80,
    100,
    120,
    140,
    160,
    180,
    200,
    220,
    240,
    260,
    280
  ],
  "episode_T": [
    500,
    1000,
    1500,
    2000,
    2500,
    3000,
    3500,
    4000,
    4500,
    5000,
    5500,
    6000,
    6500,
    7000
  ],
  "pi_max": [
    0.2435333251953125,
    0.23365731811523438,
    0.22564248657226563,
    0.22182925415039062,
    0.2198263702392578,
    0.21967742919921876,
    0.2198138122558594,
    0.22347720336914062,
    0.2216898498535156,
    0.2247180938720703,
    0.22343728637695312,
    0.22400961303710937,
    0.2205560607910156,
    0.2194410400390625,
    0.22018325805664063
  ],
  "pi_max_T": [
    250,
    750,
    1250,
    1750,
    2250,
    2750,
    3250,
    3750,
    4250,
    4750,
    5250,
    5750,
    6250,
    6750,
    7250
  ],
  "q_taken_mean": [
    -0.05530374526977539,
    -0.025211828231811523,
    0.006909475326538086,
    -0.01312480926513672,
    -0.015116203308105468,
    -0.043138454437255856,
    -0.04362638854980469,
    -0.06223154067993164,
    -0.05776257705688476,
    -0.05010415267944336,
    -0.043136661529541015,
    -0.0447310562133789,
    -0.030439390182495116,
    -0.02893387985229492,
    -0.042161773681640625
  ],
  "q_taken_mean_T": [
    250,
    750,
    1250,
    1750,
    2250,
    2750,
    3250,
    3750,
    4250,
    4750,
    5250,
    5750,
    6250,
    6750,
    7250
  ],
  "return_mean": [
    {
      "dtype": "float64",
      "py/object": "numpy.float64",
      "value": 0.0
    }
  ],
  "return_mean_T": [
    250
  ],
  "return_std": [
    {
      "dtype": "float64",
      "py/object": "numpy.float64",
      "value": 0.0
    }
  ],
  "return_std_T": [
    250
  ],
  "target_mean": [
    -0.04403312683105469,
    -0.02616526985168457,
    0.008493640899658202,
    0.002246119499206543,
    -0.025484302520751952,
    -0.07006756591796875,
    -0.04897898864746094,
    -0.06282268142700195,
    -0.03375253677368164,
    0.002618408203125,
    -0.04866281127929688,
    -0.019880645751953124,
    -0.056634525299072265,
    -0.02178356170654297,
    -0.03900992584228516
  ],
  "target_mean_T": [
    250,
    750,
    1250,
    1750,
    2250,
    2750,
    3250,
    3750,
    4250,
    4750,
    5250,
    5750,
    6250,
    6750,
    7250
  ],
  "td_error_abs": [
    0.27833453369140626,
    0.2656853637695312,
    0.240843505859375,
    0.24890577697753907,
    0.22382699584960938,
    0.21402206420898437,
    0.23777117919921875,
    0.22530648803710937,
    0.209604736328125,
    0.22139634704589845,
    0.2144282989501953,
    0.22989533996582032,
    0.1985282745361328,
    0.23640774536132814,
    0.19855970764160155
  ],
  "td_error_abs_T": [
    250,
    750,
    1250,
    1750,
    2250,
    2750,
    3250,
    3750,
    4250,
    4750,
    5250,
    5750,
    6250,
    6750,
    7250
  ],
  "test_ep_length_mean": [
    25.0
  ],
  "test_ep_length_mean_T": [
    250
  ],
  "test_return_mean": [
    {
      "dtype": "float64",
      "py/object": "numpy.float64",
      "value": 0.0
    }
  ],
  "test_return_mean_T": [
    250
  ],
  "test_return_std": [
    {
      "dtype": "float64",
      "py/object": "numpy.float64",
      "value": 0.0
    }
  ],
  "test_return_std_T": [
    250
  ]
}