{
  "advantage_mean": [
    -0.022907760620117186
  ],
  "advantage_mean_T": [
    5000
  ],
  "agent_grad_norm": [
    0.001071730861440301
  ],
  "agent_grad_norm_T": [
    5000
  ],
  "critic_grad_norm": [
    0.12956583499908447
  ],
  "critic_grad_norm_T": [
    5000
  ],
  "critic_loss": [
    0.0019140508957207203
  ],
  "critic_loss_T": [
    5000
  ],
  "ep_length_mean": [
    500.0
  ],
  "ep_length_mean_T": [
    5000
  ],
  "episode": [
    40
  ],
  "episode_T": [
    20000
  ],
  "pg_loss": [
    0.006826773285865784
  ],
  "pg_loss_T": [
    5000
  ],
  "pi_max": [
    0.221490185546875
  ],
  "pi_max_T": [
    5000
  ],
  "q_taken_mean": [
    0.10057965087890625
  ],
  "q_taken_mean_T": [
    5000
  ],
  "return_mean": [
    {
      "dtype": "float64",
      "py/object": "numpy.float64",
      "value": 0.1
    }
  ],
  "return_mean_T": [
    5000
  ],
  "return_std": [
    {
      "dtype": "float64",
      "py/object": "numpy.float64",
      "value": 0.30000000000000004
    }
  ],
  "return_std_T": [
    5000
  ],
  "target_mean": [
    0.07767188720703125
  ],
  "target_mean_T": [
    5000
  ],
  "td_error_abs": [
    0.02750230712890625
  ],
  "td_error_abs_T": [
    5000
  ],
  "test_ep_length_mean": [
    500.0
  ],
  "test_ep_length_mean_T": [
    5000
  ],
  "test_return_mean": [
    {
      "dtype": "float64",
      "py/object": "numpy.float64",
      "value": 0.13
    }
  ],
  "test_return_mean_T": [
    5000
  ],
  "test_return_std": [
    {
      "dtype": "float64",
      "py/object": "numpy.float64",
      "value": 0.36482872693909396
    }
  ],
  "test_return_std_T": [
    5000
  ]
}