{
  "advantage_mean": [
    -0.0016090075969696046,
    0.0018988755941390992,
    -0.0005667590498924255,
    0.00019760006666183472
  ],
  "advantage_mean_T": [
    500,
    1500,
    2500,
    3500
  ],
  "agent_grad_norm": [
    0.08203624188899994,
    0.07261373847723007,
    0.04371082782745361,
    0.03315805643796921
  ],
  "agent_grad_norm_T": [
    500,
    1500,
    2500,
    3500
  ],
  "coma_loss": [
    -0.006832749117165804,
    -0.000998505624011159,
    -0.005205254070460796,
    -0.004266717005521059
  ],
  "coma_loss_T": [
    500,
    1500,
    2500,
    3500
  ],
  "critic_grad_norm": [
    0.6487417817115784,
    0.5632348656654358,
    0.3305417001247406,
    0.24262535572052002
  ],
  "critic_grad_norm_T": [
    500,
    1500,
    2500,
    3500
  ],
  "critic_loss": [
    0.04205654188990593,
    0.04510984197258949,
    0.03214714303612709,
    0.03195088729262352
  ],
  "critic_loss_T": [
    500,
    1500,
    2500,
    3500
  ],
  "ep_length_mean": [
    50.0
  ],
  "ep_length_mean_T": [
    500
  ],
  "episode": [
    20,
    40,
    60,
    80
  ],
  "episode_T": [
    1000,
    2000,
    3000,
    4000
  ],
  "pi_max": [
    0.23083663940429688,
    0.23075955200195314,
    0.23306288146972656,
    0.23706015014648438
  ],
  "pi_max_T": [
    500,
    1500,
    2500,
    3500
  ],
  "q_taken_mean": [
    0.02285634231567383,
    0.02436246681213379,
    0.061308837890625,
    0.02534793472290039
  ],
  "q_taken_mean_T": [
    500,
    1500,
    2500,
    3500
  ],
  "return_mean": [
    {
      "dtype": "float64",
      "py/object": "numpy.float64",
      "value": 0.0
    }
  ],
  "return_mean_T": [
    500
  ],
  "return_std": [
    {
      "dtype": "float64",
      "py/object": "numpy.float64",
      "value": 0.0
    }
  ],
  "return_std_T": [
    500
  ],
  "target_mean": [
    0.02817403793334961,
    0.025740917205810548,
    0.060759918212890625,
    0.024620761871337892
  ],
  "target_mean_T": [
    500,
    1500,
    2500,
    3500
  ],
  "td_error_abs": [
    0.31771096801757814,
    0.33378009033203127,
    0.28871142578125,
    0.2910628356933594
  ],
  "td_error_abs_T": [
    500,
    1500,
    2500,
    3500
  ],
  "test_ep_length_mean": [
    50.0
  ],
  "test_ep_length_mean_T": [
    500
  ],
  "test_return_mean": [
    {
      "dtype": "float64",
      "py/object": "numpy.float64",
      "value": 0.0
    }
  ],
  "test_return_mean_T": [
    500
  ],
  "test_return_std": [
    {
      "dtype": "float64",
      "py/object": "numpy.float64",
      "value": 0.0
    }
  ],
  "test_return_std_T": [
    500
  ]
}