{
  "advantage_mean": [
    0.00015759155750274658,
    1.7010867595672606e-05,
    8.20744514465332e-05,
    0.00022314231395721435
  ],
  "advantage_mean_T": [
    345000,
    350000,
    355000,
    360000
  ],
  "agent_grad_norm": [
    0.031020738184452057,
    0.031463880091905594,
    0.03703083470463753,
    0.03317626938223839
  ],
  "agent_grad_norm_T": [
    345000,
    350000,
    355000,
    360000
  ],
  "coma_loss": [
    -0.0065392847172915936,
    -0.006569057237356901,
    -0.007679679896682501,
    -0.007070895284414291
  ],
  "coma_loss_T": [
    345000,
    350000,
    355000,
    360000
  ],
  "critic_grad_norm": [
    2.387129068374634,
    1.1493409872055054,
    2.065915584564209,
    2.5785481929779053
  ],
  "critic_grad_norm_T": [
    345000,
    350000,
    355000,
    360000
  ],
  "critic_loss": [
    36.37950134277344,
    20.852331161499023,
    0.12872304022312164,
    52.91661071777344
  ],
  "critic_loss_T": [
    345000,
    350000,
    355000,
    360000
  ],
  "ep_length_mean": [
    500.0,
    500.0,
    500.0,
    500.0
  ],
  "ep_length_mean_T": [
    345000,
    350000,
    355000,
    360000
  ],
  "episode": [
    10,
    20,
    30
  ],
  "episode_T": [
    345000,
    350000,
    355000
  ],
  "go_explore_return": [
    [
      0.0
    ],
    [
      3.0
    ],
    [
      0.0
    ],
    [
      3.0
    ],
    [
      0.0
    ],
    [
      3.0
    ]
  ],
  "go_explore_return_T": [
    345000,
    345000,
    350000,
    350000,
    355000,
    355000
  ],
  "icm_reward_forward_loss": [
    {
      "py/reduce": [
        {
          "py/function": "torch._utils._rebuild_tensor_v2"
        },
        {
          "py/tuple": [
            {
              "py/reduce": [
                {
                  "py/function": "torch.storage._load_from_bytes"
                },
                {
                  "py/tuple": [
                    {
                      "py/b64": "gAKKCmz8nEb5IGqoUBkugAJN6QMugAJ9cQAoWBAAAABwcm90b2NvbF92ZXJzaW9ucQFN6QNYDQAAAGxpdHRsZV9lbmRpYW5xAohYCgAAAHR5cGVfc2l6ZXNxA31xBChYBQAAAHNob3J0cQVLAlgDAAAAaW50cQZLBFgEAAAAbG9uZ3EHSwR1dS6AAihYBwAAAHN0b3JhZ2VxAGN0b3JjaApGbG9hdFN0b3JhZ2UKcQFYDQAAADI3NzY3NDAyMjM0MDhxAlgGAAAAY3VkYTowcQNLAU50cQRRLoACXXEAWA0AAAAyNzc2NzQwMjIzNDA4cQFhLgEAAAAAAAAAixdyPA=="
                    }
                  ]
                }
              ]
            },
            0,
            {
              "py/tuple": []
            },
            {
              "py/tuple": []
            },
            true,
            {
              "py/reduce": [
                {
                  "py/type": "collections.OrderedDict"
                },
                {
                  "py/tuple": []
                },
                null,
                null,
                {
                  "py/tuple": []
                }
              ]
            }
          ]
        }
      ]
    },
    {
      "py/reduce": [
        {
          "py/function": "torch._utils._rebuild_tensor_v2"
        },
        {
          "py/tuple": [
            {
              "py/reduce": [
                {
                  "py/function": "torch.storage._load_from_bytes"
                },
                {
                  "py/tuple": [
                    {
                      "py/b64": "gAKKCmz8nEb5IGqoUBkugAJN6QMugAJ9cQAoWBAAAABwcm90b2NvbF92ZXJzaW9ucQFN6QNYDQAAAGxpdHRsZV9lbmRpYW5xAohYCgAAAHR5cGVfc2l6ZXNxA31xBChYBQAAAHNob3J0cQVLAlgDAAAAaW50cQZLBFgEAAAAbG9uZ3EHSwR1dS6AAihYBwAAAHN0b3JhZ2VxAGN0b3JjaApGbG9hdFN0b3JhZ2UKcQFYDQAAADI3Nzc1MjMxNjk5MzZxAlgGAAAAY3VkYTowcQNLAU50cQRRLoACXXEAWA0AAAAyNzc3NTIzMTY5OTM2cQFhLgEAAAAAAAAAS1DwOw=="
                    }
                  ]
                }
              ]
            },
            0,
            {
              "py/tuple": []
            },
            {
              "py/tuple": []
            },
            true,
            {
              "py/reduce": [
                {
                  "py/type": "collections.OrderedDict"
                },
                {
                  "py/tuple": []
                },
                null,
                null,
                {
                  "py/tuple": []
                }
              ]
            }
          ]
        }
      ]
    },
    {
      "py/reduce": [
        {
          "py/function": "torch._utils._rebuild_tensor_v2"
        },
        {
          "py/tuple": [
            {
              "py/reduce": [
                {
                  "py/function": "torch.storage._load_from_bytes"
                },
                {
                  "py/tuple": [
                    {
                      "py/b64": "gAKKCmz8nEb5IGqoUBkugAJN6QMugAJ9cQAoWBAAAABwcm90b2NvbF92ZXJzaW9ucQFN6QNYDQAAAGxpdHRsZV9lbmRpYW5xAohYCgAAAHR5cGVfc2l6ZXNxA31xBChYBQAAAHNob3J0cQVLAlgDAAAAaW50cQZLBFgEAAAAbG9uZ3EHSwR1dS6AAihYBwAAAHN0b3JhZ2VxAGN0b3JjaApGbG9hdFN0b3JhZ2UKcQFYDQAAADI3Nzc1MzI5ODMyNjRxAlgGAAAAY3VkYTowcQNLAU50cQRRLoACXXEAWA0AAAAyNzc3NTMyOTgzMjY0cQFhLgEAAAAAAAAAlqWGOw=="
                    }
                  ]
                }
              ]
            },
            0,
            {
              "py/tuple": []
            },
            {
              "py/tuple": []
            },
            true,
            {
              "py/reduce": [
                {
                  "py/type": "collections.OrderedDict"
                },
                {
                  "py/tuple": []
                },
                null,
                null,
                {
                  "py/tuple": []
                }
              ]
            }
          ]
        }
      ]
    },
    {
      "py/reduce": [
        {
          "py/function": "torch._utils._rebuild_tensor_v2"
        },
        {
          "py/tuple": [
            {
              "py/reduce": [
                {
                  "py/function": "torch.storage._load_from_bytes"
                },
                {
                  "py/tuple": [
                    {
                      "py/b64": "gAKKCmz8nEb5IGqoUBkugAJN6QMugAJ9cQAoWBAAAABwcm90b2NvbF92ZXJzaW9ucQFN6QNYDQAAAGxpdHRsZV9lbmRpYW5xAohYCgAAAHR5cGVfc2l6ZXNxA31xBChYBQAAAHNob3J0cQVLAlgDAAAAaW50cQZLBFgEAAAAbG9uZ3EHSwR1dS6AAihYBwAAAHN0b3JhZ2VxAGN0b3JjaApGbG9hdFN0b3JhZ2UKcQFYDQAAADI3Nzc1MjQ3ODg3NjhxAlgGAAAAY3VkYTowcQNLAU50cQRRLoACXXEAWA0AAAAyNzc3NTI0Nzg4NzY4cQFhLgEAAAAAAAAAtZhqOw=="
                    }
                  ]
                }
              ]
            },
            0,
            {
              "py/tuple": []
            },
            {
              "py/tuple": []
            },
            true,
            {
              "py/reduce": [
                {
                  "py/type": "collections.OrderedDict"
                },
                {
                  "py/tuple": []
                },
                null,
                null,
                {
                  "py/tuple": []
                }
              ]
            }
          ]
        }
      ]
    }
  ],
  "icm_reward_forward_loss_T": [
    345000,
    350000,
    355000,
    360000
  ],