{
  "advantage_mean": [
    -0.0017081105709075928,
    0.0005427266955375671,
    0.00041758662462234496,
    0.0004663829505443573,
    -3.597304224967957e-05,
    -0.00013442644476890564,
    -0.0002976841926574707,
    0.0003349297642707825,
    8.918330073356628e-05,
    -7.200626283884048e-05,
    0.0001478077471256256,
    -0.0002028440535068512,
    8.905382454395295e-05,
    -0.00028322726488113405,
    0.0001306035816669464,
    0.00036753168702125547,
    0.0005764263868331909,
    0.001074834942817688,
    -0.0001083114594221115,
    -0.0002738206684589386,
    -0.00025753936171531676
  ],
  "advantage_mean_T": [
    250,
    10250,
    20250,
    30250,
    40250,
    50250,
    60250,
    70250,
    80250,
    90250,
    100250,
    110250,
    120250,
    130250,
    140250,
    150250,
    160250,
    170250,
    180250,
    190250,
    200250
  ],
  "agent_grad_norm": [
    0.03386764973402023,
    0.005093523301184177,
    0.0037442727480083704,
    0.008716985583305359,
    0.0035402891226112843,
    0.004781987983733416,
    0.005233871750533581,
    0.003087850986048579,
    0.019865194335579872,
    0.002525600139051676,
    0.008084350265562534,
    0.005846911109983921,
    0.0034401253797113895,
    0.0022945203818380833,
    0.0013245884329080582,
    0.004328442737460136,
    0.0294354185461998,
    0.03806298226118088,
    0.012843849137425423,
    0.00254951324313879,
    0.010808806866407394
  ],
  "agent_grad_norm_T": [
    250,
    10250,
    20250,
    30250,
    40250,
    50250,
    60250,
    70250,
    80250,
    90250,
    100250,
    110250,
    120250,
    130250,
    140250,
    150250,
    160250,
    170250,
    180250,
    190250,
    200250
  ],
  "coma_loss": [
    -0.0036366330459713936,
    -0.0009576777229085565,
    -0.0010296532418578863,
    0.0005795187898911536,
    -0.0022846837528049946,
    -0.0031369905918836594,
    -0.0018924277974292636,
    -0.0009188374388031662,
    0.00021009548800066113,
    -0.0019496355671435595,
    -0.0005973661900497973,
    -0.0010133286705240607,
    -0.0011057901429012418,
    -0.0024405040312558413,
    -0.0017510943580418825,
    -0.0014911473263055086,
    0.0040361289866268635,
    0.009825992397964,
    -0.0025041336193680763,
    -0.0018942897440865636,
    0.0015929050277918577
  ],
  "coma_loss_T": [
    250,
    10250,
    20250,
    30250,
    40250,
    50250,
    60250,
    70250,
    80250,
    90250,
    100250,
    110250,
    120250,
    130250,
    140250,
    150250,
    160250,
    170250,
    180250,
    190250,
    200250
  ],
  "critic_grad_norm": [
    0.2972594201564789,
    0.06968412548303604,
    0.04810723662376404,
    0.06649725884199142,
    0.11824482679367065,
    0.3546901047229767,
    0.0320638008415699,
    0.03220009803771973,
    0.13285517692565918,
    0.0399736650288105,
    0.3621859550476074,
    0.05373900383710861,
    0.02252853289246559,
    0.015725206583738327,
    0.017359506338834763,
    0.2689874470233917,
    0.3441571593284607,
    0.2369086593389511,
    0.09849041700363159,
    0.0882556140422821,
    0.5896981358528137
  ],
  "critic_grad_norm_T": [
    250,
    10250,
    20250,
    30250,
    40250,
    50250,
    60250,
    70250,
    80250,
    90250,
    100250,
    110250,
    120250,
    130250,
    140250,
    150250,
    160250,
    170250,
    180250,
    190250,
    200250
  ],
  "critic_loss": [
    0.017009221017360687,
    0.011731354519724846,
    0.005737770814448595,
    0.0076630981639027596,
    0.00727634783834219,
    0.006878299172967672,
    0.0015101016033440828,
    0.0011089362669736147,
    0.0025734195951372385,
    0.0016800792654976249,
    0.008124509826302528,
    0.0018838760443031788,
    0.001634507905691862,
    0.0016362682217732072,
    0.0013416544534265995,
    0.004148383624851704,
    0.005329171195626259,
    0.005655975546687841,
    0.004176491871476173,
    0.002188705839216709,
    0.00828556064516306
  ],
  "critic_loss_T": [
    250,
    10250,
    20250,
    30250,
    40250,
    50250,
    60250,
    70250,
    80250,
    90250,
    100250,
    110250,
    120250,
    130250,
    140250,
    150250,
    160250,
    170250,
    180250,
    190250,
    200250
  ],
  "ep_length_mean": [
    25.0,
    25.0,
    25.0,
    25.0,
    25.0,
    25.0,
    25.0,
    25.0,
    25.0,
    25.0,
    25.0,
    25.0,
    25.0,
    25.0,
    25.0,
    25.0,
    25.0,
    25.0,
    25.0,
    25.0,
    25.0
  ],
  "ep_length_mean_T": [
    250,
    10250,
    20250,
    30250,
    40250,
    50250,
    60250,
    70250,
    80250,
    90250,
    100250,
    110250,
    120250,
    130250,
    140250,
    150250,
    160250,
    170250,
    180250,
    190250,
    200250
  ],
  "episode": [
    2000,
    4000,
    6000,
    8000
  ],
  "episode_T": [
    50000,
    100000,
    150000,
    200000
  ],
  "pi_max": [
    0.23302302551269533,
    0.22845191955566407,
    0.23543264770507813,
    0.3132401123046875,
    0.3764561767578125,
    0.4744825439453125,
    0.2723752746582031,
    0.27248220825195313,
    0.34068115234375,
    0.297150390625,
    0.31464776611328127,
    0.33689260864257814,
    0.316397216796875,
    0.31505999755859376,
    0.3401297912597656,
    0.3170225830078125,
    0.4038995666503906,
    0.5252764282226563,
    0.3256185913085938,
    0.34554425048828125,
    0.6854837646484375
  ],
  "pi_max_T": [
    250,
    10250,
    20250,
    30250,
    40250,
    50250,
    60250,
    70250,
    80250,
    90250,
    100250,
    110250,
    120250,
    130250,
    140250,
    150250,
    160250,
    170250,
    180250,
    190250,
    200250
  ],
  "q_taken_mean": [
    0.13227133178710937,
    0.13919253540039062,
    0.11842952728271484,
    -0.09457546997070312,
    -0.021463672637939454,
    0.026058837890625,
    -0.13916018676757813,
    -0.15220733642578124,
    -0.20205906677246094,
    -0.16293185424804688,
    -0.21004852294921875,
    -0.39059649658203127,
    -0.3787897644042969,
    -0.32334768676757814,
    -0.34695379638671875,
    -0.3127161865234375,
    -0.581866455078125,
    -0.3757140502929687,
    -0.5202879638671875,
    -0.4392015380859375,
    -0.4733018493652344
  ],
  "q_taken_mean_T": [
    250,
    10250,
    20250,
    30250,
    40250,
    50250,
    60250,
    70250,
    80250,
    90250,
    100250,
    110250,
    120250,
    130250,
    140250,
    150250,
    160250,
    170250,
    180250,
    190250,
    200250
  ],
  "return_mean": [
    {
      "dtype": "float64",
      "py/object": "numpy.float64",
      "value": 0.0
    },
    {
      "dtype": "float64",
      "py/object": "numpy.float64",
      "value": 0.0
    },
    {
      "dtype": "float64",
      "py/object": "numpy.float64",
      "value": 0.0
    },
    {
      "dtype": "float64",
      "py/object": "numpy.float64",
      "value": 0.0025
    },
    {
      "dtype": "float64",
      "py/object": "numpy.float64",
      "value": 0.0
    },
    {
      "dtype": "float64",
      "py/object": "numpy.float64",
      "value": 0.0
    },
    {
      "dtype": "float64",
      "py/object": "numpy.float64",
      "value": 0.0
    },
    {
      "dtype": "float64",
      "py/object": "numpy.float64",
      "value": 0.0
    },
    {
      "dtype": "float64",
      "py/object": "numpy.float64",
      "value": 0.0025
    },
    {
      "dtype": "float64",
      "py/object": "numpy.float64",
      "value": 0.0
    },
    {
      "dtype": "float64",
      "py/object": "numpy.float64",
      "value": 0.0025
    },
    {
      "dtype": "float64",
      "py/object": "numpy.float64",
      "value": 0.0
    },
    {
      "dtype": "float64",
      "py/object": "numpy.float64",
      "value": 0.0
    },
    {
      "dtype": "float64",
      "py/object": "numpy.float64",
      "value": 0.0
    },
    {
      "dtype": "float64",
      "py/object": "numpy.float64",
      "value": 0.0
    },
    {
      "dtype": "float64",
      "py/object": "numpy.float64",