{
  "advantage_mean": [
    0.023239183044433592,
    -0.009790311431884765,
    0.005359658813476563,
    -0.0008029133796691895,
    -0.0014203981399536134,
    -0.0010951330184936524,
    -0.0010294612884521484,
    -0.0017660999298095704,
    0.0017625263214111329,
    -0.0011093273162841796,
    -0.0015001520156860352,
    0.0007971461296081543,
    -0.0029859432220458986,
    -0.004214467620849609,
    0.002347865104675293,
    -0.001360443592071533,
    -9.454374313354493e-05,
    0.00014678688049316407,
    0.000395471453666687
  ],
  "advantage_mean_T": [
    5000,
    25000,
    45000,
    65000,
    85000,
    105000,
    125000,
    145000,
    165000,
    185000,
    205000,
    225000,
    245000,
    265000,
    285000,
    305000,
    325000,
    345000,
    365000
  ],
  "agent_grad_norm": [
    0.0011888830922544003,
    0.0009530341485515237,
    0.0012318211374804378,
    0.0008893983904272318,
    0.0008016670471988618,
    0.0007292111404240131,
    0.0002963922743219882,
    0.0007540573715232313,
    0.00040671246824786067,
    0.0005102498107589781,
    0.00033633073326200247,
    0.0003083668416365981,
    0.0006396942189894617,
    0.0005807310226373374,
    0.00034290627809241414,
    0.0007315759430639446,
    0.0006001064903102815,
    0.0003217073972336948,
    0.000914232456125319
  ],
  "agent_grad_norm_T": [
    5000,
    25000,
    45000,
    65000,
    85000,
    105000,
    125000,
    145000,
    165000,
    185000,
    205000,
    225000,
    245000,
    265000,
    285000,
    305000,
    325000,
    345000,
    365000
  ],
  "critic_grad_norm": [
    0.13175475597381592,
    0.05218806862831116,
    0.03012573905289173,
    0.006246097385883331,
    0.007825030945241451,
    0.007260722573846579,
    0.005892551504075527,
    0.008270024321973324,
    0.009549738839268684,
    0.006535361986607313,
    0.008205895312130451,
    0.00450430903583765,
    0.012134830467402935,
    0.018248634412884712,
    0.009223723784089088,
    0.005686699878424406,
    0.00412419717758894,
    0.002041678875684738,
    0.003945791628211737
  ],
  "critic_grad_norm_T": [
    5000,
    25000,
    45000,
    65000,
    85000,
    105000,
    125000,
    145000,
    165000,
    185000,
    205000,
    225000,
    245000,
    265000,
    285000,
    305000,
    325000,
    345000,
    365000
  ],
  "critic_loss": [
    0.004091318696737289,
    0.001647744793444872,
    0.003416928928345442,
    0.0032887710258364677,
    0.004286624025553465,
    0.0013934893067926168,
    0.00048177933786064386,
    0.001367363496683538,
    0.0013262757565826178,
    0.0014422106323763728,
    0.00046481675235554576,
    0.00045105675235390663,
    0.0014020501403138041,
    0.002370009897276759,
    0.0004112010356038809,
    0.0013520491775125265,
    0.0014087153831496835,
    0.0004499998176470399,
    0.0014070909237489104
  ],
  "critic_loss_T": [
    5000,
    25000,
    45000,
    65000,
    85000,
    105000,
    125000,
    145000,
    165000,
    185000,
    205000,
    225000,
    245000,
    265000,
    285000,
    305000,
    325000,
    345000,
    365000
  ],
  "ep_length_mean": [
    500.0,
    500.0,
    500.0,
    500.0,
    500.0,
    500.0,
    500.0,
    500.0,
    500.0,
    500.0,
    500.0,
    500.0,
    500.0,
    500.0,
    500.0,
    500.0,
    500.0,
    500.0,
    500.0
  ],
  "ep_length_mean_T": [
    5000,
    25000,
    45000,
    65000,
    85000,
    105000,
    125000,
    145000,
    165000,
    185000,
    205000,
    225000,
    245000,
    265000,
    285000,
    305000,
    325000,
    345000,
    365000
  ],
  "episode": [
    40,
    80,
    120,
    160,
    200,
    240,
    280,
    320,
    360,
    400,
    440,
    480,
    520,
    560,
    600,
    640,
    680,
    720
  ],
  "episode_T": [
    20000,
    40000,
    60000,
    80000,
    100000,
    120000,
    140000,
    160000,
    180000,
    200000,
    220000,
    240000,
    260000,
    280000,
    300000,
    320000,
    340000,
    360000
  ],
  "pg_loss": [
    -0.03934212028980255,
    -0.006295753177255392,
    -0.021454717963933945,
    -0.015303960070014,
    -0.01468025054782629,
    -0.014988241717219353,
    -0.015053139068186283,
    -0.014314195141196251,
    -0.01783517561852932,
    -0.014957134611904621,
    -0.014569439925253391,
    -0.016861090436577797,
    -0.013072996400296688,
    -0.011849473230540752,
    -0.018404629081487656,
    -0.014687652699649334,
    -0.015963774174451828,
    -0.016207696869969368,
    -0.016473056748509407
  ],
  "pg_loss_T": [
    5000,
    25000,
    45000,
    65000,
    85000,
    105000,
    125000,
    145000,
    165000,
    185000,
    205000,
    225000,
    245000,
    265000,
    285000,
    305000,
    325000,
    345000,
    365000
  ],
  "pi_max": [
    0.2221024658203125,
    0.2152411865234375,
    0.21488349609375,
    0.211520751953125,
    0.214275048828125,
    0.21594560546875,
    0.216630078125,
    0.217998193359375,
    0.22223037109375,
    0.2239272705078125,
    0.2218819580078125,
    0.22145107421875,
    0.2264064208984375,
    0.2296022216796875,
    0.223977294921875,
    0.2340608154296875,
    0.2274478759765625,
    0.226284521484375,
    0.223393017578125
  ],
  "pi_max_T": [
    5000,
    25000,
    45000,
    65000,
    85000,
    105000,
    125000,
    145000,
    165000,
    185000,
    205000,
    225000,
    245000,
    265000,
    285000,
    305000,
    325000,
    345000,
    365000
  ],
  "q_taken_mean": [
    -0.05057427978515625,
    -0.013343035888671875,
    -0.025516996765136718,
    -0.04118762512207031,
    -0.0012641206741333007,
    -0.017481845092773438,
    -0.014198336791992188,
    -0.020192715454101562,
    -0.009157891845703125,
    -0.0027014739990234376,
    -0.011717564392089843,
    -0.016439019775390626,
    0.0022303409576416014,
    0.0048364105224609375,
    -0.008029800415039062,
    0.019117300415039062,
    -0.006049259567260742,
    -0.003961998748779297,
    0.006808161926269532
  ],
  "q_taken_mean_T": [
    5000,
    25000,
    45000,
    65000,
    85000,
    105000,
    125000,
    145000,
    165000,
    185000,
    205000,
    225000,
    245000,
    265000,
    285000,
    305000,
    325000,
    345000,
    365000
  ],
  "return_mean": [
    {
      "dtype": "float64",
      "py/object": "numpy.float64",
      "value": 0.3
    },
    {
      "dtype": "float64",
      "py/object": "numpy.float64",
      "value": 0.05
    },
    {
      "dtype": "float64",
      "py/object": "numpy.float64",
      "value": 0.175
    },
    {
      "dtype": "float64",
      "py/object": "numpy.float64",
      "value": 0.075
    },
    {
      "dtype": "float64",
      "py/object": "numpy.float64",
      "value": 0.125
    },
    {
      "dtype": "float64",
      "py/object": "numpy.float64",
      "value": 0.125
    },
    {
      "dtype": "float64",
      "py/object": "numpy.float64",
      "value": 0.075
    },
    {
      "dtype": "float64",
      "py/object": "numpy.float64",
      "value": 0.075
    },
    {
      "dtype": "float64",
      "py/object": "numpy.float64",
      "value": 0.075
    },
    {
      "dtype": "float64",
      "py/object": "numpy.float64",
      "value": 0.075
    },
    {
      "dtype": "float64",
      "py/object": "numpy.float64",
      "value": 0.025
    },
    {
      "dtype": "float64",
      "py/object": "numpy.float64",
      "value": 0.025
    },
    {
      "dtype": "float64",
      "py/object": "numpy.float64",
      "value": 0.05
    },
    {
      "dtype": "float64",
      "py/object": "numpy.float64",
      "value": 0.075
    },
    {
      "dtype": "float64",
      "py/object": "numpy.float64",
      "value": 0.05
    },
    {
      "dtype": "float64",
      "py/object": "numpy.float64",
      "value": 0.075
    },
    {
      "dtype": "float64",
      "py/object": "numpy.float64",
      "value": 0.05
    },
    {
      "dtype": "float64",
      "py/object": "numpy.float64",