{
  "advantage_mean": [
    -0.002410834074020386,
    -0.001021054983139038,
    -0.00010613805055618286,
    0.0003970363140106201,
    -0.0008056268692016601,
    -0.0004613940715789795,
    -0.00023887205123901368,
    -0.0001843797117471695,
    0.0005979894995689392,
    -0.0009599446058273316,
    0.0001860392540693283,
    -0.00017471817135810853,
    0.0005019260048866272,
    -0.00017941123247146608,
    0.0011976780891418458,
    -0.0011074817180633544,
    0.0011120752096176148,
    0.00017833980917930604,
    0.0003205720782279968,
    -0.000183678537607193,
    0.0001328233927488327,
    -0.000533034086227417,
    0.0007054466009140015,
    3.036487102508545e-05,
    -0.0008527255654335022,
    0.00015285658836364745,
    9.400127828121186e-05,
    -2.0830601453781126e-05,
    -0.00016239488124847413,
    0.001396080493927002,
    -0.00031369659304618836,
    2.9520899057388306e-05,
    -0.0003422056436538696,
    -0.00046745020151138305,
    0.00045844924449920657,
    0.000508812427520752,
    0.00039464712142944336,
    -0.00020037448406219483,
    0.00010427683591842651
  ],
  "advantage_mean_T": [
    250,
    750,
    1250,
    1750,
    2250,
    2750,
    3250,
    3750,
    4250,
    4750,
    5250,
    5750,
    6250,
    6750,
    7250,
    7750,
    8250,
    8750,
    9250,
    9750,
    10250,
    10750,
    11250,
    11750,
    12250,
    12750,
    13250,
    13750,
    14250,
    14750,
    15250,
    15750,
    16250,
    16750,
    17250,
    17750,
    18250,
    18750,
    19250
  ],
  "agent_grad_norm": [
    0.07398804277181625,
    0.04733338579535484,
    0.02604920230805874,
    0.015858067199587822,
    0.020728498697280884,
    0.03423402085900307,
    0.024232981726527214,
    0.018504856154322624,
    0.00767259206622839,
    0.011158782057464123,
    0.008330321870744228,
    0.007119499146938324,
    0.007140681613236666,
    0.008777836337685585,
    0.014657467603683472,
    0.012197421863675117,
    0.01277022622525692,
    0.009041473269462585,
    0.015356608666479588,
    0.006316607818007469,
    0.009807085618376732,
    0.009465248323976994,
    0.009225479327142239,
    0.007303025107830763,
    0.005455229431390762,
    0.005087295081466436,
    0.0019254268845543265,
    0.007976150140166283,
    0.00969214178621769,
    0.0023341781925410032,
    0.00183129555080086,
    0.007817653939127922,
    0.005820437800139189,
    0.003957879729568958,
    0.0055189249105751514,
    0.008176570758223534,
    0.006664127577096224,
    0.0040164790116250515,
    0.008525613695383072
  ],
  "agent_grad_norm_T": [
    250,
    750,
    1250,
    1750,
    2250,
    2750,
    3250,
    3750,
    4250,
    4750,
    5250,
    5750,
    6250,
    6750,
    7250,
    7750,
    8250,
    8750,
    9250,
    9750,
    10250,
    10750,
    11250,
    11750,
    12250,
    12750,
    13250,
    13750,
    14250,
    14750,
    15250,
    15750,
    16250,
    16750,
    17250,
    17750,
    18250,
    18750,
    19250
  ],
  "coma_loss": [
    -0.0034640964586287737,
    -0.003200388979166746,
    -0.0030816851649433374,
    -0.00012070143566234037,
    -0.0018058312125504017,
    3.603781806305051e-05,
    -0.0009691859595477581,
    -0.0019235420040786266,
    -0.0006113815470598638,
    -0.0030269152484834194,
    -0.001067022792994976,
    -0.001994800055399537,
    -0.0006745980936102569,
    -0.001639568479731679,
    0.0004863934591412544,
    -0.0037164222449064255,
    0.0003097681619692594,
    -0.000711185100954026,
    -0.0009060338488779962,
    -0.0014949721517041326,
    -0.0013803470646962523,
    -0.0020568212494254112,
    0.0001470615970902145,
    -0.0016290195053443313,
    -0.002733650617301464,
    -0.0016387909417971969,
    -0.0014924312708899379,
    -0.0020611509680747986,
    -0.0026100766845047474,
    0.0006157076568342745,
    -0.002255841623991728,
    -0.0016039953334257007,
    -0.001859374693594873,
    -0.0021612667478621006,
    -0.0008567800978198647,
    -0.00031148214475251734,
    -0.0011009951122105122,
    -0.0019493440631777048,
    -0.0015803732676431537
  ],
  "coma_loss_T": [
    250,
    750,
    1250,
    1750,
    2250,
    2750,
    3250,
    3750,
    4250,
    4750,
    5250,
    5750,
    6250,
    6750,
    7250,
    7750,
    8250,
    8750,
    9250,
    9750,
    10250,
    10750,
    11250,
    11750,
    12250,
    12750,
    13250,
    13750,
    14250,
    14750,
    15250,
    15750,
    16250,
    16750,
    17250,
    17750,
    18250,
    18750,
    19250
  ],
  "critic_grad_norm": [
    0.4950081408023834,
    0.28048816323280334,
    0.1789902001619339,
    0.1633819341659546,
    0.2058335542678833,
    0.227104052901268,
    0.17906907200813293,
    0.14101815223693848,
    0.10971444845199585,
    0.09891723841428757,
    0.09035392105579376,
    0.07962674647569656,
    0.07358821481466293,
    0.0834670215845108,
    0.11833411455154419,
    0.11169005930423737,
    0.0966731384396553,
    0.08169708400964737,
    0.10427060723304749,
    0.07418034225702286,
    0.07471209764480591,
    0.07145139575004578,
    0.08628477901220322,
    0.06847041845321655,
    0.06603073328733444,
    0.06954988837242126,
    0.041436053812503815,
    0.08887922018766403,
    0.1024811863899231,
    0.054542914032936096,
    0.04981588199734688,
    0.05950607731938362,
    0.0487690269947052,
    0.040608350187540054,
    0.04232124239206314,
    0.0588650219142437,
    0.08866514265537262,
    0.11403470486402512,
    0.07536472380161285
  ],
  "critic_grad_norm_T": [
    250,
    750,
    1250,
    1750,
    2250,
    2750,
    3250,
    3750,
    4250,
    4750,
    5250,
    5750,
    6250,
    6750,
    7250,
    7750,
    8250,
    8750,
    9250,
    9750,
    10250,
    10750,
    11250,
    11750,
    12250,
    12750,
    13250,
    13750,
    14250,
    14750,
    15250,
    15750,
    16250,
    16750,
    17250,
    17750,
    18250,
    18750,
    19250
  ],
  "critic_loss": [
    0.026995064690709114,
    0.021963296458125114,
    0.018313119187951088,
    0.01794707216322422,
    0.02134442888200283,
    0.01966903731226921,
    0.020904244855046272,
    0.02150433324277401,
    0.022948944941163063,
    0.029095536097884178,
    0.0157405287027359,
    0.015947382897138596,
    0.02009405940771103,
    0.01785045675933361,
    0.022392772138118744,
    0.020466016605496407,
    0.02044818550348282,
    0.022519733756780624,
    0.013004673644900322,
    0.016363460570573807,
    0.014173205010592937,
    0.014204154722392559,
    0.02248774655163288,
    0.01555405743420124,
    0.016096653416752815,
    0.011034427210688591,
    0.012283723801374435,
    0.013111774809658527,
    0.022687440738081932,
    0.010489742271602154,
    0.01513020507991314,
    0.01686539687216282,
    0.0182326752692461,
    0.013552410528063774,
    0.013198843225836754,
    0.014912063255906105,
    0.01693284697830677,
    0.01632310450077057,
    0.013692337088286877
  ],
  "critic_loss_T": [
    250,
    750,
    1250,
    1750,
    2250,
    2750,
    3250,
    3750,
    4250,
    4750,
    5250,
    5750,
    6250,
    6750,
    7250,
    7750,
    8250,
    8750,
    9250,
    9750,
    10250,
    10750,
    11250,
    11750,
    12250,
    12750,
    13250,
    13750,
    14250,
    14750,
    15250,
    15750,
    16250,
    16750,
    17250,
    17750,
    18250,
    18750,
    19250
  ],
  "ep_length_mean": [
    25.0,
    25.0
  ],
  "ep_length_mean_T": [
    250,
    10250
  ],
  "episode": [
    20,
    40,
    60,
    80,
    100,
    120,
    140,
    160,
    180,
    200,
    220,
    240,
    260,
    280,
    300,
    320,
    340,
    360,
    380,
    400,
    420,
    440,
    460,
    480,
    500,
    520,
    540,
    560,
    580,
    600,
    620,
    640,
    660,
    680,
    700,
    720,
    740,
    760
  ],