{
  "advantage_mean": [
    6.0303211212158205e-05,
    -0.0003292555332183838,
    7.752995491027831e-05,
    -0.0017582725524902343,
    0.0012437047004699706
  ],
  "advantage_mean_T": [
    5000,
    10000,
    15000,
    20000,
    25000
  ],
  "agent_grad_norm": [
    0.20645597577095032,
    0.1865028291940689,
    0.18921996653079987,
    0.1861649453639984,
    0.18864521384239197
  ],
  "agent_grad_norm_T": [
    5000,
    10000,
    15000,
    20000,
    25000
  ],
  "coma_loss": [
    -0.015262606553733349,
    -0.015065948478877544,
    -0.01588808372616768,
    -0.019586997106671333,
    -0.01553771086037159
  ],
  "coma_loss_T": [
    5000,
    10000,
    15000,
    20000,
    25000
  ],
  "critic_grad_norm": [
    2.1169240474700928,
    1.5891594886779785,
    1.8302209377288818,
    2.0592854022979736,
    1.344736099243164
  ],
  "critic_grad_norm_T": [
    5000,
    10000,
    15000,
    20000,
    25000
  ],
  "critic_loss": [
    36.56334686279297,
    14.749253273010254,
    18.41317367553711,
    0.20993183553218842,
    26.199344635009766
  ],
  "critic_loss_T": [
    5000,
    10000,
    15000,
    20000,
    25000
  ],
  "ep_length_mean": [
    500.0,
    500.0,
    500.0,
    500.0,
    500.0
  ],
  "ep_length_mean_T": [
    5000,
    10000,
    15000,
    20000,
    25000
  ],
  "episode": [
    10,
    20,
    30,
    40
  ],
  "episode_T": [
    5000,
    10000,
    15000,
    20000
  ],
  "go_explore_return": [
    [
      0.1
    ],
    [
      3.1
    ],
    [
      0.0
    ],
    [
      3.0
    ],
    [
      0.0
    ],
    [
      3.0
    ],
    [
      0.0
    ],
    [
      3.0
    ]
  ],
  "go_explore_return_T": [
    5000,
    5000,
    10000,
    10000,
    15000,
    15000,
    20000,
    20000
  ],
  "icm_reward_forward_loss": [
    {
      "py/reduce": [
        {
          "py/function": "torch._utils._rebuild_tensor_v2"
        },
        {
          "py/tuple": [
            {
              "py/reduce": [
                {
                  "py/function": "torch.storage._load_from_bytes"
                },
                {
                  "py/tuple": [
                    {
                      "py/b64": "gAKKCmz8nEb5IGqoUBkugAJN6QMugAJ9cQAoWBAAAABwcm90b2NvbF92ZXJzaW9ucQFN6QNYDQAAAGxpdHRsZV9lbmRpYW5xAohYCgAAAHR5cGVfc2l6ZXNxA31xBChYBQAAAHNob3J0cQVLAlgDAAAAaW50cQZLBFgEAAAAbG9uZ3EHSwR1dS6AAihYBwAAAHN0b3JhZ2VxAGN0b3JjaApGbG9hdFN0b3JhZ2UKcQFYDQAAADI0MzgzMzk5MTQ0ODBxAlgGAAAAY3VkYTowcQNLAU50cQRRLoACXXEAWA0AAAAyNDM4MzM5OTE0NDgwcQFhLgEAAAAAAAAA8yp5PA=="
                    }
                  ]
                }
              ]
            },
            0,
            {
              "py/tuple": []
            },
            {
              "py/tuple": []
            },
            true,
            {
              "py/reduce": [
                {
                  "py/type": "collections.OrderedDict"
                },
                {
                  "py/tuple": []
                },
                null,
                null,
                {
                  "py/tuple": []
                }
              ]
            }
          ]
        }
      ]
    },
    {
      "py/reduce": [
        {
          "py/function": "torch._utils._rebuild_tensor_v2"
        },
        {
          "py/tuple": [
            {
              "py/reduce": [
                {
                  "py/function": "torch.storage._load_from_bytes"
                },
                {
                  "py/tuple": [
                    {
                      "py/b64": "gAKKCmz8nEb5IGqoUBkugAJN6QMugAJ9cQAoWBAAAABwcm90b2NvbF92ZXJzaW9ucQFN6QNYDQAAAGxpdHRsZV9lbmRpYW5xAohYCgAAAHR5cGVfc2l6ZXNxA31xBChYBQAAAHNob3J0cQVLAlgDAAAAaW50cQZLBFgEAAAAbG9uZ3EHSwR1dS6AAihYBwAAAHN0b3JhZ2VxAGN0b3JjaApGbG9hdFN0b3JhZ2UKcQFYDQAAADI0NDAzNjMwNTEwNTZxAlgGAAAAY3VkYTowcQNLAU50cQRRLoACXXEAWA0AAAAyNDQwMzYzMDUxMDU2cQFhLgEAAAAAAAAAf3jhOw=="
                    }
                  ]
                }
              ]
            },
            0,
            {
              "py/tuple": []
            },
            {
              "py/tuple": []
            },
            true,
            {
              "py/reduce": [
                {
                  "py/type": "collections.OrderedDict"
                },
                {
                  "py/tuple": []
                },
                null,
                null,
                {
                  "py/tuple": []
                }
              ]
            }
          ]
        }
      ]
    },
    {
      "py/reduce": [
        {
          "py/function": "torch._utils._rebuild_tensor_v2"
        },
        {
          "py/tuple": [
            {
              "py/reduce": [
                {
                  "py/function": "torch.storage._load_from_bytes"
                },
                {
                  "py/tuple": [
                    {
                      "py/b64": "gAKKCmz8nEb5IGqoUBkugAJN6QMugAJ9cQAoWBAAAABwcm90b2NvbF92ZXJzaW9ucQFN6QNYDQAAAGxpdHRsZV9lbmRpYW5xAohYCgAAAHR5cGVfc2l6ZXNxA31xBChYBQAAAHNob3J0cQVLAlgDAAAAaW50cQZLBFgEAAAAbG9uZ3EHSwR1dS6AAihYBwAAAHN0b3JhZ2VxAGN0b3JjaApGbG9hdFN0b3JhZ2UKcQFYDQAAADI0NDAyOTU5MDE3NjBxAlgGAAAAY3VkYTowcQNLAU50cQRRLoACXXEAWA0AAAAyNDQwMjk1OTAxNzYwcQFhLgEAAAAAAAAAu66FOw=="
                    }
                  ]
                }
              ]
            },
            0,
            {
              "py/tuple": []
            },
            {
              "py/tuple": []
            },
            true,
            {
              "py/reduce": [
                {
                  "py/type": "collections.OrderedDict"
                },
                {
                  "py/tuple": []
                },
                null,
                null,
                {
                  "py/tuple": []
                }
              ]
            }
          ]
        }
      ]
    },
    {
      "py/reduce": [
        {
          "py/function": "torch._utils._rebuild_tensor_v2"
        },
        {
          "py/tuple": [
            {
              "py/reduce": [
                {
                  "py/function": "torch.storage._load_from_bytes"
                },
                {
                  "py/tuple": [
                    {
                      "py/b64": "gAKKCmz8nEb5IGqoUBkugAJN6QMugAJ9cQAoWBAAAABwcm90b2NvbF92ZXJzaW9ucQFN6QNYDQAAAGxpdHRsZV9lbmRpYW5xAohYCgAAAHR5cGVfc2l6ZXNxA31xBChYBQAAAHNob3J0cQVLAlgDAAAAaW50cQZLBFgEAAAAbG9uZ3EHSwR1dS6AAihYBwAAAHN0b3JhZ2VxAGN0b3JjaApGbG9hdFN0b3JhZ2UKcQFYDQAAADI0MzgzMzk5MDU3NDRxAlgGAAAAY3VkYTowcQNLAU50cQRRLoACXXEAWA0AAAAyNDM4MzM5OTA1NzQ0cQFhLgEAAAAAAAAAEtxiOw=="
                    }
                  ]
                }
              ]
            },
            0,
            {
              "py/tuple": []
            },
            {
              "py/tuple": []
            },
            true,
            {
              "py/reduce": [
                {
                  "py/type": "collections.OrderedDict"
                },
                {
                  "py/tuple": []
                },
                null,
                null,
                {
                  "py/tuple": []
                }
              ]
            }
          ]
        }
      ]
    },
    {
      "py/reduce": [
        {
          "py/function": "torch._utils._rebuild_tensor_v2"
        },
        {
          "py/tuple": [
            {
              "py/reduce": [
                {
                  "py/function": "torch.storage._load_from_bytes"
                },
                {
                  "py/tuple": [
                    {
                      "py/b64": "gAKKCmz8nEb5IGqoUBkugAJN6QMugAJ9cQAoWBAAAABwcm90b2NvbF92ZXJzaW9ucQFN6QNYDQAAAGxpdHRsZV9lbmRpYW5xAohYCgAAAHR5cGVfc2l6ZXNxA31xBChYBQAAAHNob3J0cQVLAlgDAAAAaW50cQZLBFgEAAAAbG9uZ3EHSwR1dS6AAihYBwAAAHN0b3JhZ2VxAGN0b3JjaApGbG9hdFN0b3JhZ2UKcQFYDQAAADI0NDAyNjA0NzI0OTZxAlgGAAAAY3VkYTowcQNLAU50cQRRLoACXXEAWA0AAAAyNDQwMjYwNDcyNDk2cQFhLgEAAAAAAAAAWmxSOw=="
